{
  "export_info": {
    "original_generation": 9,
    "export_timestamp": "2025-11-13T20:18:04.206111",
    "export_version": "1.0"
  },
  "evolution_state": {
    "generation": 5,
    "population_size": 20,
    "genome_length": 8,
    "best_fitness": 15.515272385289787,
    "avg_fitness": 8.8648707230474,
    "diversity": 4.038968239170967
  },
  "genome_data": {
    "best_individual": [
      1.625068135362174,
      3.2677750052429158,
      0.6075980500840195,
      -0.11619644408424504,
      1.0869463162391535,
      0.49271004100285176,
      0.720824119119351,
      0.018190242730062242
    ],
    "population_sample": [
      [
        -0.2798790670392794,
        2.1196494052494277,
        -0.2356154506791876,
        -0.5468189800186282,
        -0.024335191523818075,
        0.7129120425543363,
        -1.922349380688768,
        2.5244736117724256
      ],
      [
        -1.2594733339348467,
        0.7432112051754002,
        -0.31901673064565655,
        -0.29367260192655786,
        -0.8218927011224569,
        -0.09657317452674306,
        1.4522195592452367,
        -0.7038766869736014
      ],
      [
        -0.7732235459944543,
        -0.37340775161723433,
        0.06780105181194987,
        0.8001856465403173,
        -0.1877056243337314,
        1.1789071609716755,
        -0.16813258285344942,
        0.06966548990502004
      ],
      [
        0.541839489156765,
        0.39137948981988746,
        -0.6701529718033565,
        1.7721441349227693,
        1.4036092371545936,
        0.5630677728733395,
        0.12136254093293265,
        -1.6919017808173478
      ],
      [
        -1.5395775691694165,
        1.0665938612050454,
        0.9504456988567508,
        -0.5054605689157692,
        -1.5056109625284573,
        0.9265913903195533,
        -0.9343135437762257,
        0.9736121220076812
      ],
      [
        1.625068135362174,
        3.2677750052429158,
        0.6075980500840195,
        -0.11619644408424504,
        1.0869463162391535,
        0.49271004100285176,
        0.720824119119351,
        0.018190242730062242
      ],
      [
        0.7193257455088299,
        -2.2764871396135336,
        -0.457677404460938,
        0.5883091988600736,
        -1.0470820736292854,
        0.634054061383693,
        -0.306456834504141,
        1.0848646606287389
      ],
      [
        0.9591115600045848,
        0.47862852370747666,
        -0.04764690248441885,
        -1.1376097908668088,
        -0.7832745838329688,
        -0.38705283141751773,
        -1.607897428016636,
        1.950460043874014
      ],
      [
        -0.24268216198078493,
        -0.681457072426468,
        0.13082567323693153,
        0.21607833768209925,
        0.7318847368094397,
        0.7973042320443589,
        -0.40199009296445765,
        1.565548235267606
      ],
      [
        0.828490894386681,
        1.2496556807437798,
        0.16469812680528464,
        2.309091423633857,
        0.4221228409123638,
        -0.17053659118537218,
        0.9112915199523641,
        0.47723891135275137
      ]
    ]
  },
  "visualizer_data": {},
  "evolution_params": {}
}